size,pattern_count,time
2,2,0.00029209510999999986
2,3,0.00020530535000000007
3,2,0.0002848157899999999
3,3,0.00030545999000000006
